State,Year,Data.Population,Data.Rates.Violent.All,Data.Totals.Violent.All
Alabama,2000,4447100,486.2,21620
Alabama,2001,4468912,438.2,19582
Alabama,2002,4478896,445.0,19931
Alabama,2003,4503726,429.2,19331
Alabama,2004,4525375,427.0,19324
Alabama,2005,4548327,433.0,19678
Alabama,2006,4599030,425.2,19553
Alabama,2007,4627851,448.9,20775
Alabama,2008,4661900,452.8,21110
Alabama,2009,4708708,450.1,21194
Alabama,2010,4785401,383.7,18363
Alabama,2011,4803689,419.8,20166
Alabama,2012,4822023,449.9,21693
Alabama,2013,4833722,430.8,20826
Alabama,2014,4849377,427.4,20727
Alabama,2015,4858979,472.4,22952
Alabama,2016,4863300,532.3,25886
Alabama,2017,4874747,524.2,25551
Alabama,2018,4887871,519.6,25399
Alabama,2019,4903185,510.8,25046
Alaska,2000,626932,566.9,3554
Alaska,2001,633630,589.5,3735
Alaska,2002,641482,565.4,3627
Alaska,2003,648280,598.0,3877
Alaska,2004,657755,632.3,4159
Alaska,2005,663253,632.0,4194
Alaska,2006,670053,688.0,4610
Alaska,2007,683478,661.3,4520
Alaska,2008,686293,652.1,4475
Alaska,2009,698473,633.4,4424
Alaska,2010,714146,635.3,4537
Alaska,2011,723860,610.1,4416
Alaska,2012,731449,603.2,4412
Alaska,2013,735132,640.4,4708
Alaska,2014,736732,635.8,4684
Alaska,2015,738432,730.2,5392
Alaska,2016,741894,804.2,5966
Alaska,2017,739795,829.0,6133
Alaska,2018,737438,885.0,6526
Alaska,2019,731545,867.1,6343
Arizona,2000,5130632,531.7,27281
Arizona,2001,5306966,540.3,28675
Arizona,2002,5441125,554.5,30171
Arizona,2003,5579222,513.3,28638
Arizona,2004,5739879,504.4,28952
Arizona,2005,5953007,512.0,30478
Arizona,2006,6166318,542.6,33456
Arizona,2007,6338755,518.0,32835
Arizona,2008,6500180,485.6,31567
Arizona,2009,6595778,426.5,28128
Arizona,2010,6413158,413.6,26528
Arizona,2011,6467315,414.2,26789
Arizona,2012,6553255,428.9,28108
Arizona,2013,6626624,416.5,27599
Arizona,2014,6731484,399.9,26916
Arizona,2015,6828065,410.2,28012
Arizona,2016,6931071,470.1,32583
Arizona,2017,7016270,508.0,35644
Arizona,2018,7171646,474.9,34058
Arizona,2019,7278717,455.3,33141
Arkansas,2000,2673400,445.3,11904
Arkansas,2001,2694698,452.4,12190
Arkansas,2002,2706268,425.0,11501
Arkansas,2003,2727774,456.4,12449
Arkansas,2004,2750000,502.3,13814
Arkansas,2005,2775708,528.0,14670
Arkansas,2006,2810872,552.8,15538
Arkansas,2007,2834797,537.1,15226
Arkansas,2008,2855390,513.0,14649
Arkansas,2009,2889450,515.8,14905
Arkansas,2010,2921588,503.5,14711
Arkansas,2011,2938582,482.3,14173
Arkansas,2012,2949131,469.1,13835
Arkansas,2013,2959373,460.3,13621
Arkansas,2014,2966369,480.1,14243
Arkansas,2015,2978204,521.3,15526
Arkansas,2016,2988248,550.9,16461
Arkansas,2017,3004279,554.9,16671
Arkansas,2018,3013825,543.6,16384
Arkansas,2019,3017804,584.6,17643
California,2000,33871648,621.6,210531
California,2001,34600463,615.2,212867
California,2002,35001986,595.4,208388
California,2003,35462712,579.6,205551
California,2004,35842038,527.8,189175
California,2005,36154147,526.0,190178
California,2006,36457549,533.5,194483
California,2007,36553215,524.1,191561
California,2008,36756666,504.2,185329
California,2009,36961664,473.3,174934
California,2010,37338198,439.6,164133
California,2011,37683933,411.2,154943
California,2012,38041430,423.1,160944
California,2013,38332521,402.1,154129
California,2014,38802500,396.1,153709
California,2015,39144818,426.3,166883
California,2016,39250017,445.3,174796
California,2017,39536653,449.3,177627
California,2018,39557045,447.4,176982
California,2019,39512223,441.2,174331
Colorado,2000,4301261,334.0,14367
Colorado,2001,4430989,349.6,15492
Colorado,2002,4501051,352.9,15882
Colorado,2003,4547633,346.5,15757
Colorado,2004,4601821,372.0,17121
Colorado,2005,4663295,397.0,18498
Colorado,2006,4753377,395.4,18794
Colorado,2007,4861515,351.8,17101
Colorado,2008,4939456,353.9,17480
Colorado,2009,5024748,338.8,17022
Colorado,2010,5047692,323.7,16339
Colorado,2011,5116302,314.4,16085
Colorado,2012,5187582,308.9,16023
Colorado,2013,5268367,308.0,16226
Colorado,2014,5355866,309.1,16554
Colorado,2015,5456574,321.0,17515
Colorado,2016,5540545,342.6,18983
Colorado,2017,5607154,368.1,20638
Colorado,2018,5695564,397.2,22624
Colorado,2019,5758736,381.0,21938
Connecticut,2000,3405565,324.7,11058
Connecticut,2001,3434602,334.6,11492
Connecticut,2002,3458587,312.5,10807
Connecticut,2003,3486960,316.8,11045
Connecticut,2004,3498966,289.0,10113
Connecticut,2005,3500701,273.0,9542
Connecticut,2006,3504809,299.7,10505
Connecticut,2007,3502309,301.1,10547
Connecticut,2008,3501252,306.7,10737
Connecticut,2009,3518288,300.9,10588
Connecticut,2010,3575498,282.0,10083
Connecticut,2011,3586717,275.7,9889
Connecticut,2012,3590347,283.0,10160
Connecticut,2013,3596080,262.5,9440
Connecticut,2014,3596677,236.9,8522
Connecticut,2015,3590886,218.5,7845
Connecticut,2016,3576452,227.1,8123
Connecticut,2017,3588184,228.0,8180
Connecticut,2018,3572665,207.4,7411
Connecticut,2019,3565287,183.6,6546
Delaware,2000,783600,684.4,5363
Delaware,2001,796599,611.1,4868
Delaware,2002,805945,600.0,4836
Delaware,2003,818166,675.3,5525
Delaware,2004,830069,615.0,5105
Delaware,2005,841741,633.0,5332
Delaware,2006,853476,701.0,5983
Delaware,2007,864764,705.4,6100
Delaware,2008,873092,708.6,6187
Delaware,2009,885122,645.4,5713
Delaware,2010,899792,623.3,5608
Delaware,2011,908137,566.4,5144
Delaware,2012,917092,547.4,5020
Delaware,2013,925749,491.4,4549
Delaware,2014,935614,489.1,4576
Delaware,2015,945934,499.0,4720
Delaware,2016,952065,508.8,4844
Delaware,2017,961939,453.4,4361
Delaware,2018,967171,423.6,4097
Delaware,2019,973764,422.6,4115
District of Columbia,2000,572059,1507.9,8626
District of Columbia,2001,573822,1602.4,9195
District of Columbia,2002,569157,1637.9,9322
District of Columbia,2003,557620,1624.9,9061
District of Columbia,2004,554239,1369.4,7590
District of Columbia,2005,582049,1380.0,8032
District of Columbia,2006,581530,1508.4,8772
District of Columbia,2007,588292,1415.1,8325
District of Columbia,2008,591833,1437.7,8509
District of Columbia,2009,599657,1348.9,8089
District of Columbia,2010,604912,1326.8,8026
District of Columbia,2011,619020,1200.8,7433
District of Columbia,2012,632323,1243.7,7864
District of Columbia,2013,646449,1300.3,8406
District of Columbia,2014,658893,1244.4,8199
District of Columbia,2015,672228,1269.1,8531
District of Columbia,2016,681170,1205.9,8214
District of Columbia,2017,693972,1004.9,6974
District of Columbia,2018,702455,995.9,6996
District of Columbia,2019,705749,1049.0,7403
Florida,2000,15982378,812.0,129777
Florida,2001,16373330,798.3,130713
Florida,2002,16691701,771.2,128721
Florida,2003,16999181,731.1,124280
Florida,2004,17385430,711.8,123754
Florida,2005,17768191,709.0,125957
Florida,2006,18089888,716.4,129602
Florida,2007,18251243,722.6,131878
Florida,2008,18328340,688.9,126256
Florida,2009,18537969,612.5,113541
Florida,2010,18838613,541.3,101969
Florida,2011,19082262,514.6,98198
Florida,2012,19317568,487.1,94087
Florida,2013,19552860,470.4,91986
Florida,2014,19893297,540.5,107521
Florida,2015,20271272,461.9,93626
Florida,2016,20612439,430.3,88700
Florida,2017,20984400,408.0,85625
Florida,2018,21299325,384.9,81980
Florida,2019,21477737,378.4,81270
Georgia,2000,8186453,504.7,41319
Georgia,2001,8405677,495.7,41671
Georgia,2002,8544005,459.6,39271
Georgia,2003,8676460,454.5,39435
Georgia,2004,8918129,451.0,40217
Georgia,2005,9132553,446.0,40725
Georgia,2006,9363941,477.9,44754
Georgia,2007,9544750,491.5,46917
Georgia,2008,9685744,488.9,47353
Georgia,2009,9829211,428.0,42073
Georgia,2010,9712157,402.3,39068
Georgia,2011,9812460,374.6,36762
Georgia,2012,9919945,378.9,37591
Georgia,2013,9992167,365.7,36541
Georgia,2014,10097343,377.3,38097
Georgia,2015,10214860,378.3,38643
Georgia,2016,10310371,397.6,40990
Georgia,2017,10429379,357.2,37258
Georgia,2018,10519475,326.6,34355
Georgia,2019,10617423,340.7,36170
Hawaii,2000,1211537,243.8,2954
Hawaii,2001,1227024,254.0,3117
Hawaii,2002,1240663,262.9,3262
Hawaii,2003,1248755,272.3,3400
Hawaii,2004,1262124,254.6,3213
Hawaii,2005,1273278,256.0,3253
Hawaii,2006,1285498,280.7,3608
Hawaii,2007,1283388,276.1,3544
Hawaii,2008,1288198,272.5,3510
Hawaii,2009,1295178,274.1,3550
Hawaii,2010,1363359,264.3,3603
Hawaii,2011,1378129,251.4,3465
Hawaii,2012,1392313,239.2,3330
Hawaii,2013,1404054,251.6,3533
Hawaii,2014,1419561,259.2,3680
Hawaii,2015,1431603,293.4,4201
Hawaii,2016,1428557,309.2,4417
Hawaii,2017,1427538,250.6,3577
Hawaii,2018,1420491,248.6,3532
Hawaii,2019,1415872,285.5,4042
Idaho,2000,1293953,252.5,3267
Idaho,2001,1320585,243.1,3211
Idaho,2002,1343124,254.6,3419
Idaho,2003,1367034,245.9,3362
Idaho,2004,1395140,247.4,3452
Idaho,2005,1429367,257.0,3670
Idaho,2006,1466465,250.0,3666
Idaho,2007,1499402,256.2,3841
Idaho,2008,1523816,241.5,3680
Idaho,2009,1545801,246.2,3805
Idaho,2010,1571102,220.5,3464
Idaho,2011,1583744,202.2,3202
Idaho,2012,1595728,207.9,3318
Idaho,2013,1612136,217.0,3498
Idaho,2014,1634464,212.2,3468
Idaho,2015,1654930,215.6,3568
Idaho,2016,1683140,230.3,3876
Idaho,2017,1716943,226.4,3888
Idaho,2018,1754208,227.1,3983
Idaho,2019,1787065,223.8,4000
Illinois,2000,12419293,653.8,81196
Illinois,2001,12520227,633.1,79270
Illinois,2002,12586447,601.9,75759
Illinois,2003,12649087,556.4,70376
Illinois,2004,12712016,545.7,69365
Illinois,2005,12765427,552.0,70496
Illinois,2006,12831970,541.6,69498
Illinois,2007,12852548,533.2,68528
Illinois,2008,12901563,525.4,67780
Illinois,2009,12910409,497.2,64185
Illinois,2010,12841980,444.9,57132
Illinois,2011,12859752,424.0,54523
Illinois,2012,12875255,414.8,53403
Illinois,2013,12882135,380.2,48974
Illinois,2014,12880580,370.0,47663
Illinois,2015,12859995,383.8,49354
Illinois,2016,12801539,436.3,55854
Illinois,2017,12802023,438.8,56180
Illinois,2018,12741080,404.1,51490
Illinois,2019,12671821,406.9,51561
Indiana,2000,6080485,349.1,21230
Indiana,2001,6126743,371.1,22734
Indiana,2002,6156913,357.3,22001
Indiana,2003,6199571,352.3,21842
Indiana,2004,6226537,325.9,20294
Indiana,2005,6266019,324.0,20302
Indiana,2006,6313520,321.6,20303
Indiana,2007,6345289,335.8,21310
Indiana,2008,6376792,337.6,21525
Indiana,2009,6423113,334.0,21455
Indiana,2010,6490622,323.3,20983
Indiana,2011,6516353,331.8,21619
Indiana,2012,6537334,345.7,22602
Indiana,2013,6570902,357.4,23487
Indiana,2014,6596855,365.3,24099
Indiana,2015,6619680,387.5,25653
Indiana,2016,6633053,404.7,26845
Indiana,2017,6666818,399.0,26598
Indiana,2018,6691878,382.3,25581
Indiana,2019,6732219,370.8,24966
Iowa,2000,2926324,266.4,7796
Iowa,2001,2931967,268.2,7865
Iowa,2002,2935840,285.7,8388
Iowa,2003,2941976,277.9,8175
Iowa,2004,2952904,287.8,8499
Iowa,2005,2965524,293.0,8697
Iowa,2006,2982085,285.7,8521
Iowa,2007,2988046,300.2,8970
Iowa,2008,3002555,288.1,8651
Iowa,2009,3007856,282.1,8485
Iowa,2010,3050202,268.5,8191
Iowa,2011,3064097,257.3,7883
Iowa,2012,3074186,263.9,8112
Iowa,2013,3090416,271.4,8388
Iowa,2014,3107126,273.5,8497
Iowa,2015,3123899,286.1,8936
Iowa,2016,3134693,290.6,9110
Iowa,2017,3145711,293.4,9230
Iowa,2018,3156145,250.1,7893
Iowa,2019,3155070,266.6,8410
Kansas,2000,2688418,389.4,10470
Kansas,2001,2702125,403.7,10909
Kansas,2002,2711769,377.2,10229
Kansas,2003,2724786,397.5,10831
Kansas,2004,2733697,377.9,10330
Kansas,2005,2748172,389.0,10701
Kansas,2006,2764075,432.7,11960
Kansas,2007,2775997,458.6,12730
Kansas,2008,2802134,412.3,11554
Kansas,2009,2818747,406.6,11460
Kansas,2010,2859143,370.8,10602
Kansas,2011,2870386,355.7,10209
Kansas,2012,2885905,354.6,10232
Kansas,2013,2893957,339.9,9838
Kansas,2014,2904021,348.6,10123
Kansas,2015,2911641,389.9,11353
Kansas,2016,2907289,380.4,11060
Kansas,2017,2913123,413.0,12030
Kansas,2018,2911505,439.0,12782
Kansas,2019,2913314,410.8,11968
Kentucky,2000,4041769,294.5,11903
Kentucky,2001,4068816,258.3,10510
Kentucky,2002,4089822,271.4,11101
Kentucky,2003,4118189,248.5,10232
Kentucky,2004,4141835,245.1,10152
Kentucky,2005,4172608,267.0,11134
Kentucky,2006,4206074,270.1,11361
Kentucky,2007,4241474,290.7,12329
Kentucky,2008,4269245,297.2,12690
Kentucky,2009,4314113,255.0,11000
Kentucky,2010,4347223,243.9,10604
Kentucky,2011,4366814,239.6,10465
Kentucky,2012,4380415,222.6,9752
Kentucky,2013,4395295,209.8,9222
Kentucky,2014,4413457,211.6,9340
Kentucky,2015,4425092,218.7,9676
Kentucky,2016,4436974,232.3,10308
Kentucky,2017,4454189,225.8,10056
Kentucky,2018,4468402,211.9,9467
Kentucky,2019,4467673,217.1,9701
Louisiana,2000,4468976,681.1,30440
Louisiana,2001,4470368,686.3,30678
Louisiana,2002,4476192,663.3,29690
Louisiana,2003,4493665,636.9,28622
Louisiana,2004,4506685,640.0,28844
Louisiana,2005,4507331,597.0,26889
Louisiana,2006,4287768,721.2,30923
Louisiana,2007,4293204,740.4,31789
Louisiana,2008,4410796,671.4,29613
Louisiana,2009,4492076,642.9,28878
Louisiana,2010,4545343,555.3,25241
Louisiana,2011,4574766,554.6,25373
Louisiana,2012,4601893,496.9,22868
Louisiana,2013,4625470,518.5,23984
Louisiana,2014,4649676,514.7,23934
Louisiana,2015,4670724,539.7,25208
Louisiana,2016,4681666,566.1,26502
Louisiana,2017,4684333,557.0,26092
Louisiana,2018,4659978,537.5,25049
Louisiana,2019,4648794,549.3,25537
Maine,2000,1274923,109.6,1397
Maine,2001,1284470,111.7,1435
Maine,2002,1294894,107.8,1396
Maine,2003,1309205,108.6,1422
Maine,2004,1314985,103.7,1364
Maine,2005,1318220,112.0,1483
Maine,2006,1321574,116.0,1533
Maine,2007,1317207,118.8,1565
Maine,2008,1316456,119.4,1572
Maine,2009,1318301,119.9,1580
Maine,2010,1327379,122.1,1621
Maine,2011,1328544,123.3,1638
Maine,2012,1329192,122.7,1631
Maine,2013,1328302,129.3,1718
Maine,2014,1330089,127.8,1700
Maine,2015,1329328,130.1,1729
Maine,2016,1331479,123.8,1648
Maine,2017,1335907,121.0,1617
Maine,2018,1338404,112.1,1501
Maine,2019,1344212,115.2,1548
Maryland,2000,5296486,786.6,41663
Maryland,2001,5386079,781.4,42088
Maryland,2002,5450525,770.8,42015
Maryland,2003,5512310,703.5,38778
Maryland,2004,5561332,700.6,38961
Maryland,2005,5589599,704.0,39369
Maryland,2006,5615727,678.6,38111
Maryland,2007,5618344,641.9,36063
Maryland,2008,5633597,628.2,35393
Maryland,2009,5699478,590.0,33625
Maryland,2010,5785681,546.3,31607
Maryland,2011,5839572,493.5,28817
Maryland,2012,5884563,476.8,28055
Maryland,2013,5928814,473.8,28089
Maryland,2014,5976407,446.1,26661
Maryland,2015,6006401,457.2,27462
Maryland,2016,6016447,472.0,28400
Maryland,2017,6052177,500.2,30273
Maryland,2018,6042718,468.7,28320
Maryland,2019,6045680,454.1,27456
Massachusetts,2000,6349097,476.1,30230
Massachusetts,2001,6401164,477.8,30585
Massachusetts,2002,6421800,484.9,31137
Massachusetts,2003,6420357,473.1,30377
Massachusetts,2004,6407382,460.2,29489
Massachusetts,2005,6433367,461.0,29644
Massachusetts,2006,6437193,500.5,32217
Massachusetts,2007,6449755,441.7,28487
Massachusetts,2008,6497967,463.8,30137
Massachusetts,2009,6593587,462.6,30503
Massachusetts,2010,6555466,468.9,30737
Massachusetts,2011,6607003,427.3,28232
Massachusetts,2012,6646144,405.5,26953
Massachusetts,2013,6692824,413.4,27667
Massachusetts,2014,6745408,391.4,26399
Massachusetts,2015,6794422,390.9,26562
Massachusetts,2016,6811779,376.9,25677
Massachusetts,2017,6859819,358.0,24560
Massachusetts,2018,6902149,338.1,23337
Massachusetts,2019,6892503,327.6,22578
Michigan,2000,9938444,555.0,55159
Michigan,2001,10006266,553.9,55424
Michigan,2002,10043221,540.7,54306
Michigan,2003,10082364,511.3,51550
Michigan,2004,10104206,492.2,49737
Michigan,2005,10100833,554.0,55936
Michigan,2006,10095643,564.4,56981
Michigan,2007,10071822,533.8,53765
Michigan,2008,10003422,514.9,51512
Michigan,2009,9969727,499.8,49825
Michigan,2010,9877143,493.0,48693
Michigan,2011,9876801,442.8,43731
Michigan,2012,9883360,454.5,44922
Michigan,2013,9895622,449.9,44523
Michigan,2014,9909877,427.3,42348
Michigan,2015,9922576,415.5,41231
Michigan,2016,9928300,459.0,45572
Michigan,2017,9962311,450.0,44826
Michigan,2018,9995915,449.4,44918
Michigan,2019,9986857,437.4,43686
Minnesota,2000,4919479,280.8,13813
Minnesota,2001,4984535,263.7,13145
Minnesota,2002,5024791,267.2,13428
Minnesota,2003,5064172,262.9,13316
Minnesota,2004,5096546,269.8,13751
Minnesota,2005,5126739,297.0,15243
Minnesota,2006,5167101,310.5,16042
Minnesota,2007,5197621,289.6,15054
Minnesota,2008,5220393,265.4,13853
Minnesota,2009,5266214,244.5,12874
Minnesota,2010,5310658,235.7,12515
Minnesota,2011,5347299,230.5,12323
Minnesota,2012,5379139,230.9,12419
Minnesota,2013,5420380,234.4,12705
Minnesota,2014,5457173,229.1,12505
Minnesota,2015,5489594,242.6,13319
Minnesota,2016,5519952,242.6,13394
Minnesota,2017,5576606,238.3,13291
Minnesota,2018,5611179,220.4,12369
Minnesota,2019,5639632,236.4,13332
Mississippi,2000,2844658,360.9,10267
Mississippi,2001,2859733,349.9,10006
Mississippi,2002,2866733,343.9,9858
Mississippi,2003,2882594,323.9,9336
Mississippi,2004,2900768,295.4,8568
Mississippi,2005,2908496,280.0,8131
Mississippi,2006,2910540,311.8,9076
Mississippi,2007,2918785,291.3,8502
Mississippi,2008,2938618,304.3,8942
Mississippi,2009,2951996,286.3,8451
Mississippi,2010,2970072,269.3,7999
Mississippi,2011,2977457,269.0,8009
Mississippi,2012,2984926,260.8,7786
Mississippi,2013,2991207,274.6,8214
Mississippi,2014,2994079,278.5,8338
Mississippi,2015,2992333,275.8,8254
Mississippi,2016,2988726,280.5,8383
Mississippi,2017,2984100,285.7,8526
Mississippi,2018,2986530,234.4,6999
Mississippi,2019,2976149,277.9,8272
Missouri,2000,5595211,490.0,27419
Missouri,2001,5637309,540.5,30472
Missouri,2002,5669544,539.0,30557
Missouri,2003,5719204,490.8,28067
Missouri,2004,5759532,490.1,28226
Missouri,2005,5797703,526.0,30477
Missouri,2006,5842713,545.9,31897
Missouri,2007,5878415,560.7,32962
Missouri,2008,5911605,502.4,29701
Missouri,2009,5987580,492.9,29513
Missouri,2010,5995715,457.7,27440
Missouri,2011,6008984,447.5,26888
Missouri,2012,6021988,450.9,27155
Missouri,2013,6044171,433.4,26197
Missouri,2014,6063589,442.9,26856
Missouri,2015,6083672,497.4,30261
Missouri,2016,6093000,519.4,31644
Missouri,2017,6113532,530.3,32420
Missouri,2018,6126452,502.1,30758
Missouri,2019,6137428,495.0,30380
Montana,2000,902195,311.1,2807
Montana,2001,905382,352.0,3187
Montana,2002,910372,351.2,3197
Montana,2003,918157,365.0,3351
Montana,2004,926920,293.8,2723
Montana,2005,934737,282.0,2634
Montana,2006,944632,377.3,3564
Montana,2007,957861,379.8,3638
Montana,2008,967440,311.4,3013
Montana,2009,974989,287.0,2798
Montana,2010,990958,275.8,2733
Montana,2011,997667,276.1,2755
Montana,2012,1005141,272.2,2736
Montana,2013,1015165,252.9,2567
Montana,2014,1023579,323.7,3313
Montana,2015,1032949,349.6,3611
Montana,2016,1042520,368.3,3840
Montana,2017,1050493,377.1,3961
Montana,2018,1062305,374.1,3974
Montana,2019,1068778,404.9,4328
Nebraska,2000,1711263,327.6,5606
Nebraska,2001,1720039,303.1,5214
Nebraska,2002,1727564,314.2,5428
Nebraska,2003,1737475,293.8,5105
Nebraska,2004,1747704,308.6,5393
Nebraska,2005,1758163,287.0,5052
Nebraska,2006,1768331,293.9,5197
Nebraska,2007,1774571,311.3,5524
Nebraska,2008,1783432,312.3,5570
Nebraska,2009,1796619,289.4,5199
Nebraska,2010,1830141,278.3,5093
Nebraska,2011,1842234,253.6,4672
Nebraska,2012,1855525,259.4,4814
Nebraska,2013,1868516,262.1,4897
Nebraska,2014,1881503,280.4,5275
Nebraska,2015,1896190,274.9,5212
Nebraska,2016,1907116,291.0,5550
Nebraska,2017,1920076,305.9,5873
Nebraska,2018,1929268,284.8,5494
Nebraska,2019,1934408,300.9,5821
Nevada,2000,1998257,524.2,10474
Nevada,2001,2097722,589.2,12359
Nevada,2002,2167455,639.3,13856
Nevada,2003,2242207,616.0,13813
Nevada,2004,2332898,616.4,14379
Nevada,2005,2412301,608.0,14654
Nevada,2006,2495529,748.8,18687
Nevada,2007,2565382,754.9,19365
Nevada,2008,2600167,729.7,18973
Nevada,2009,2643085,705.2,18639
Nevada,2010,2704283,663.0,17929
Nevada,2011,2720028,568.1,15452
Nevada,2012,2758931,607.6,16763
Nevada,2013,2790136,603.0,16824
Nevada,2014,2839099,635.6,18045
Nevada,2015,2890845,695.9,20118
Nevada,2016,2940058,678.1,19936
Nevada,2017,2998039,555.9,16667
Nevada,2018,3034392,541.1,16420
Nevada,2019,3080156,493.8,15210
New Hampshire,2000,1235786,175.4,2167
New Hampshire,2001,1259359,170.2,2144
New Hampshire,2002,1274405,161.3,2056
New Hampshire,2003,1288705,150.3,1937
New Hampshire,2004,1299169,169.5,2202
New Hampshire,2005,1306819,135.0,1761
New Hampshire,2006,1314895,138.8,1785
New Hampshire,2007,1315828,144.1,1896
New Hampshire,2008,1315809,156.1,2054
New Hampshire,2009,1324575,160.4,2125
New Hampshire,2010,1316807,167.4,2204
New Hampshire,2011,1317807,217.3,2864
New Hampshire,2012,1320718,187.9,2481
New Hampshire,2013,1323459,215.3,2849
New Hampshire,2014,1326813,196.1,2602
New Hampshire,2015,1330608,199.3,2652
New Hampshire,2016,1334795,197.6,2637
New Hampshire,2017,1342795,198.7,2668
New Hampshire,2018,1356458,173.2,2349
New Hampshire,2019,1359711,152.5,2074
New Jersey,2000,8414350,383.8,32298
New Jersey,2001,8511116,388.8,33094
New Jersey,2002,8575252,376.1,32252
New Jersey,2003,8642412,364.3,31488
New Jersey,2004,8685166,356.3,30943
New Jersey,2005,8703150,355.0,30919
New Jersey,2006,8724560,350.2,30550
New Jersey,2007,8685920,328.6,28544
New Jersey,2008,8682661,326.5,28351
New Jersey,2009,8707739,311.4,27113
New Jersey,2010,8799593,307.5,27055
New Jersey,2011,8834773,307.9,27203
New Jersey,2012,8864590,290.2,25727
New Jersey,2013,8899339,288.5,25674
New Jersey,2014,8938175,261.2,23346
New Jersey,2015,8958013,255.4,22879
New Jersey,2016,8944469,245.0,21914
New Jersey,2017,9005644,228.8,20604
New Jersey,2018,8908520,208.1,18537
New Jersey,2019,8882190,206.9,18375
New Mexico,2000,1819046,757.9,13786
New Mexico,2001,1830935,780.4,14288
New Mexico,2002,1852044,740.7,13719
New Mexico,2003,1878562,667.3,12535
New Mexico,2004,1903006,687.4,13081
New Mexico,2005,1925985,646.0,12448
New Mexico,2006,1954599,654.7,12797
New Mexico,2007,1969915,675.7,13311
New Mexico,2008,1984356,653.5,12967
New Mexico,2009,2009671,632.4,12709
New Mexico,2010,2065913,588.0,12147
New Mexico,2011,2078674,572.7,11904
New Mexico,2012,2085538,559.1,11660
New Mexico,2013,2085287,613.0,12782
New Mexico,2014,2085572,597.4,12459
New Mexico,2015,2085109,656.1,13681
New Mexico,2016,2081015,702.5,14619
New Mexico,2017,2088070,783.5,16359
New Mexico,2018,2095428,856.6,17949
New Mexico,2019,2096829,832.2,17450
New York,2000,18976457,553.9,105111
New York,2001,19084350,513.6,98022
New York,2002,19134293,496.6,95030
New York,2003,19212425,465.8,89486
New York,2004,19280727,440.4,84914
New York,2005,19315721,444.0,85839
New York,2006,19306183,435.2,84016
New York,2007,19297729,414.4,79962
New York,2008,19490297,397.9,77546
New York,2009,19541453,384.4,75110
New York,2010,19395206,394.4,76492
New York,2011,19501616,397.2,77463
New York,2012,19570261,406.8,79610
New York,2013,19651127,393.7,77372
New York,2014,19746227,381.8,75398
New York,2015,19795791,379.7,75165
New York,2016,19745289,376.2,74285
New York,2017,19849399,356.7,70799
New York,2018,19542209,350.5,68495
New York,2019,19453561,358.6,69764
North Carolina,2000,8049313,497.6,40051
North Carolina,2001,8206105,493.1,40465
North Carolina,2002,8305820,471.0,39118
North Carolina,2003,8421190,454.1,38243
North Carolina,2004,8540468,447.8,38244
North Carolina,2005,8672459,469.0,40650
North Carolina,2006,8856505,475.2,42088
North Carolina,2007,9061032,466.1,42231
North Carolina,2008,9222414,467.6,43125
North Carolina,2009,9380884,404.5,37946
North Carolina,2010,9560234,362.7,34679
North Carolina,2011,9651103,346.3,33421
North Carolina,2012,9752073,353.4,34464
North Carolina,2013,9848060,342.2,33700
North Carolina,2014,9943964,329.5,32767
North Carolina,2015,10042802,347.0,34852
North Carolina,2016,10146788,372.2,37769
North Carolina,2017,10273419,363.7,37364
North Carolina,2018,10383620,377.6,39210
North Carolina,2019,10488084,371.8,38995
North Dakota,2000,642200,81.4,523
North Dakota,2001,636550,79.3,505
North Dakota,2002,633911,78.2,496
North Dakota,2003,633400,80.2,508
North Dakota,2004,636308,87.7,558
North Dakota,2005,634605,111.0,706
North Dakota,2006,635867,197.4,1255
North Dakota,2007,639715,209.9,1343
North Dakota,2008,641481,224.6,1441
North Dakota,2009,646844,266.4,1723
North Dakota,2010,674629,229.5,1548
North Dakota,2011,684740,248.1,1699
North Dakota,2012,699628,244.7,1712
North Dakota,2013,723393,270.1,1954
North Dakota,2014,739482,265.1,1960
North Dakota,2015,756927,239.4,1812
North Dakota,2016,757952,251.1,1903
North Dakota,2017,755393,281.3,2125
North Dakota,2018,760077,280.6,2133
North Dakota,2019,762062,284.6,2169
Ohio,2000,11353140,334.1,37935
Ohio,2001,11389785,351.4,40023
Ohio,2002,11408699,351.7,40128
Ohio,2003,11437680,333.9,38185
Ohio,2004,11450143,338.7,38787
Ohio,2005,11470685,350.0,40162
Ohio,2006,11478006,361.5,41491
Ohio,2007,11466917,355.4,40759
Ohio,2008,11485910,352.0,40436
Ohio,2009,11542645,331.9,38305
Ohio,2010,11537968,314.7,36306
Ohio,2011,11541007,305.2,35218
Ohio,2012,11544225,299.7,34595
Ohio,2013,11570808,286.2,33121
Ohio,2014,11594163,284.9,33030
Ohio,2015,11613423,291.9,33898
Ohio,2016,11614373,300.3,34877
Ohio,2017,11658609,297.5,34683
Ohio,2018,11689442,279.9,32723
Ohio,2019,11689100,293.2,34269
Oklahoma,2000,3450654,497.8,17177
Oklahoma,2001,3469577,510.9,17726
Oklahoma,2002,3489700,504.0,17587
Oklahoma,2003,3506469,506.4,17758
Oklahoma,2004,3523546,500.5,17635
Oklahoma,2005,3543442,509.0,18044
Oklahoma,2006,3579212,500.2,17905
Oklahoma,2007,3617316,504.1,18234
Oklahoma,2008,3642361,531.5,19359
Oklahoma,2009,3687050,503.4,18560
Oklahoma,2010,3760184,481.4,18100
Oklahoma,2011,3784163,457.5,17311
Oklahoma,2012,3814820,469.3,17902
Oklahoma,2013,3850568,441.2,16989
Oklahoma,2014,3878051,406.0,15744
Oklahoma,2015,3911338,422.0,16506
Oklahoma,2016,3923561,449.8,17648
Oklahoma,2017,3930864,456.2,17934
Oklahoma,2018,3943079,466.1,18380
Oklahoma,2019,3956971,431.8,17086
Oregon,2000,3421399,350.7,12000
Oregon,2001,3473441,306.6,10650
Oregon,2002,3520355,292.5,10298
Oregon,2003,3564330,294.8,10506
Oregon,2004,3591363,298.6,10724
Oregon,2005,3638871,287.0,10444
Oregon,2006,3700758,284.6,10534
Oregon,2007,3747455,293.9,11015
Oregon,2008,3790060,261.4,9909
Oregon,2009,3825657,260.6,9968
Oregon,2010,3838332,251.4,9648
Oregon,2011,3868229,249.3,9643
Oregon,2012,3899353,247.6,9653
Oregon,2013,3930065,254.0,9984
Oregon,2014,3970239,232.3,9224
Oregon,2015,4028977,259.8,10468
Oregon,2016,4093465,264.6,10830
Oregon,2017,4142776,281.8,11674
Oregon,2018,4190713,285.5,11966
Oregon,2019,4217737,284.4,11995
Pennsylvania,2000,12281054,420.0,51584
Pennsylvania,2001,12303104,409.9,50432
Pennsylvania,2002,12328827,402.1,49578
Pennsylvania,2003,12370761,397.8,49210
Pennsylvania,2004,12394471,411.5,50998
Pennsylvania,2005,12405348,425.0,52761
Pennsylvania,2006,12440621,442.3,55028
Pennsylvania,2007,12432792,416.7,51806
Pennsylvania,2008,12448279,410.0,51044
Pennsylvania,2009,12604767,382.3,48188
Pennsylvania,2010,12717722,366.5,46612
Pennsylvania,2011,12743948,362.4,46189
Pennsylvania,2012,12763536,348.7,44503
Pennsylvania,2013,12773801,335.4,42849
Pennsylvania,2014,12787209,314.1,40164
Pennsylvania,2015,12802503,315.1,40339
Pennsylvania,2016,12784227,316.4,40447
Pennsylvania,2017,12805537,313.3,40120
Pennsylvania,2018,12807060,306.0,39192
Pennsylvania,2019,12801989,306.4,39228
Rhode Island,2000,1048319,297.7,3121
Rhode Island,2001,1059659,309.3,3278
Rhode Island,2002,1068326,285.6,3051
Rhode Island,2003,1076084,285.7,3074
Rhode Island,2004,1079916,247.5,2673
Rhode Island,2005,1073579,252.0,2710
Rhode Island,2006,1067610,230.4,2460
Rhode Island,2007,1057832,229.1,2424
Rhode Island,2008,1050788,252.8,2656
Rhode Island,2009,1053209,254.3,2678
Rhode Island,2010,1052528,257.4,2709
Rhode Island,2011,1050646,246.1,2586
Rhode Island,2012,1050292,252.4,2651
Rhode Island,2013,1051511,257.2,2705
Rhode Island,2014,1055173,219.2,2313
Rhode Island,2015,1056298,242.5,2562
Rhode Island,2016,1056426,238.9,2524
Rhode Island,2017,1059639,232.2,2460
Rhode Island,2018,1057315,219.1,2317
Rhode Island,2019,1059361,221.1,2342
South Carolina,2000,4012012,828.1,33225
South Carolina,2001,4062125,815.2,33114
South Carolina,2002,4103770,822.7,33761
South Carolina,2003,4148744,806.4,33455
South Carolina,2004,4197892,789.9,33160
South Carolina,2005,4246933,767.0,32590
South Carolina,2006,4321249,771.1,33322
South Carolina,2007,4407709,785.7,34630
South Carolina,2008,4479800,731.0,32746
South Carolina,2009,4561242,675.2,30799
South Carolina,2010,4637106,602.2,27923
South Carolina,2011,4673348,596.9,27894
South Carolina,2012,4723723,558.8,26397
South Carolina,2013,4774839,508.5,24278
South Carolina,2014,4832482,497.7,24052
South Carolina,2015,4896146,504.5,24700
South Carolina,2016,4961119,501.8,24896
South Carolina,2017,5024369,506.2,25432
South Carolina,2018,5084127,488.3,24825
South Carolina,2019,5148714,511.3,26323
South Dakota,2000,754844,166.8,1259
South Dakota,2001,758324,154.4,1171
South Dakota,2002,760437,177.5,1350
South Dakota,2003,764905,173.7,1329
South Dakota,2004,770621,171.2,1319
South Dakota,2005,774883,179.0,1387
South Dakota,2006,781919,264.9,2071
South Dakota,2007,796214,241.9,1926
South Dakota,2008,804194,276.9,2227
South Dakota,2009,812383,218.7,1777
South Dakota,2010,816598,268.9,2196
South Dakota,2011,823593,255.6,2105
South Dakota,2012,833354,321.8,2682
South Dakota,2013,844877,316.5,2674
South Dakota,2014,853175,326.5,2786
South Dakota,2015,858469,383.1,3289
South Dakota,2016,865454,418.4,3621
South Dakota,2017,869666,433.6,3771
South Dakota,2018,882235,404.7,3570
South Dakota,2019,884659,399.0,3530
Tennessee,2000,5689283,707.2,40233
Tennessee,2001,5749398,744.0,42776
Tennessee,2002,5789796,717.8,41562
Tennessee,2003,5845208,691.3,40409
Tennessee,2004,5893298,697.6,41113
Tennessee,2005,5955745,757.0,45104
Tennessee,2006,6038803,762.5,46043
Tennessee,2007,6156719,755.0,46482
Tennessee,2008,6214888,722.7,44913
Tennessee,2009,6296254,666.0,41933
Tennessee,2010,6357436,612.0,38909
Tennessee,2011,6399787,607.8,38895
Tennessee,2012,6456243,643.6,41550
Tennessee,2013,6495978,590.6,38364
Tennessee,2014,6549352,608.4,39848
Tennessee,2015,6600299,612.1,40400
Tennessee,2016,6651194,632.9,42097
Tennessee,2017,6715984,651.5,43755
Tennessee,2018,6770010,623.7,42226
Tennessee,2019,6829174,595.2,40647
Texas,2000,20851820,545.1,113653
Texas,2001,21370983,571.6,122155
Texas,2002,21736925,579.7,126018
Texas,2003,22103374,553.1,122246
Texas,2004,22471549,540.9,121554
Texas,2005,22928508,528.0,121091
Texas,2006,23507783,517.3,121602
Texas,2007,23904380,510.4,122014
Texas,2008,24326974,508.0,123585
Texas,2009,24782302,491.0,121684
Texas,2010,25253466,448.4,113231
Texas,2011,25631778,408.6,104734
Texas,2012,26059203,408.6,106476
Texas,2013,26448193,408.3,107998
Texas,2014,26956958,405.9,109414
Texas,2015,27469114,412.2,113227
Texas,2016,27862596,434.4,121042
Texas,2017,28304596,438.9,124238
Texas,2018,28701845,410.9,117927
Texas,2019,28995881,418.9,121474
Utah,2000,2233169,255.7,5711
Utah,2001,2278712,233.2,5314
Utah,2002,2318789,236.7,5488
Utah,2003,2352119,250.4,5889
Utah,2004,2420708,233.3,5647
Utah,2005,2490334,225.0,5612
Utah,2006,2550063,226.3,5771
Utah,2007,2645330,239.9,6347
Utah,2008,2736424,225.3,6165
Utah,2009,2784572,215.4,5998
Utah,2010,2775479,213.5,5925
Utah,2011,2814347,197.1,5547
Utah,2012,2855287,205.8,5876
Utah,2013,2900872,224.0,6498
Utah,2014,2942902,215.6,6346
Utah,2015,2995919,236.0,7071
Utah,2016,3051217,242.8,7407
Utah,2017,3101833,238.9,7410
Utah,2018,3161105,233.1,7368
Utah,2019,3205958,235.6,7553
Vermont,2000,608827,113.5,691
Vermont,2001,612978,105.1,644
Vermont,2002,616408,106.7,658
Vermont,2003,619343,114.2,707
Vermont,2004,621233,114.8,713
Vermont,2005,622387,126.0,782
Vermont,2006,623908,145.1,905
Vermont,2007,621254,129.1,802
Vermont,2008,621270,137.5,854
Vermont,2009,621760,134.6,837
Vermont,2010,625909,131.0,820
Vermont,2011,626592,147.6,925
Vermont,2012,626011,142.6,893
Vermont,2013,626630,121.1,759
Vermont,2014,626562,99.3,622
Vermont,2015,626042,118.0,739
Vermont,2016,624594,158.3,989
Vermont,2017,623657,165.8,1034
Vermont,2018,626299,172.0,1077
Vermont,2019,623989,202.2,1262
Virginia,2000,7078515,281.7,19943
Virginia,2001,7196750,291.0,20939
Virginia,2002,7287829,291.7,21256
Virginia,2003,7365284,278.2,20490
Virginia,2004,7481332,275.5,20608
Virginia,2005,7564327,283.0,21434
Virginia,2006,7642884,283.7,21683
Virginia,2007,7712091,272.8,21035
Virginia,2008,7769089,257.8,20031
Virginia,2009,7882590,230.8,18195
Virginia,2010,8023953,214.2,17184
Virginia,2011,8104384,197.6,16014
Virginia,2012,8185867,190.1,15564
Virginia,2013,8260405,196.2,16205
Virginia,2014,8326289,196.2,16340
Virginia,2015,8382993,195.6,16399
Virginia,2016,8411808,217.6,18302
Virginia,2017,8470020,208.2,17632
Virginia,2018,8517685,200.0,17032
Virginia,2019,8535519,208.0,17753
Washington,2000,5894121,369.7,21788
Washington,2001,5993390,354.7,21258
Washington,2002,6067060,345.5,20964
Washington,2003,6131298,346.9,21272
Washington,2004,6207046,343.6,21330
Washington,2005,6291899,346.0,21745
Washington,2006,6395798,348.7,22303
Washington,2007,6468424,336.5,21768
Washington,2008,6549224,334.2,21888
Washington,2009,6664195,336.3,22412
Washington,2010,6742950,313.5,21138
Washington,2011,6823267,295.3,20152
Washington,2012,6897012,295.6,20386
Washington,2013,6971406,289.1,20153
Washington,2014,7061530,285.2,20136
Washington,2015,7170351,284.4,20394
Washington,2016,7288000,302.2,22023
Washington,2017,7405743,304.5,22548
Washington,2018,7535591,311.5,23472
Washington,2019,7614893,293.9,22377
West Virginia,2000,1808344,316.5,5723
West Virginia,2001,1800975,279.6,5035
West Virginia,2002,1804884,233.9,4221
West Virginia,2003,1811440,255.4,4627
West Virginia,2004,1812548,281.9,5110
West Virginia,2005,1814083,274.0,4968
West Virginia,2006,1818470,281.2,5113
West Virginia,2007,1812035,276.8,5016
West Virginia,2008,1814468,275.9,5006
West Virginia,2009,1819777,305.2,5554
West Virginia,2010,1854368,301.2,5586
West Virginia,2011,1854908,296.3,5497
West Virginia,2012,1855413,316.3,5869
West Virginia,2013,1854304,300.3,5568
West Virginia,2014,1850326,302.0,5588
West Virginia,2015,1844128,337.9,6231
West Virginia,2016,1831102,358.1,6557
West Virginia,2017,1815857,350.7,6368
West Virginia,2018,1805832,289.9,5236
West Virginia,2019,1792147,316.6,5674
Wisconsin,2000,5363675,236.8,12700
Wisconsin,2001,5405947,231.0,12486
Wisconsin,2002,5439692,225.0,12238
Wisconsin,2003,5474290,221.1,12104
Wisconsin,2004,5503533,209.8,11548
Wisconsin,2005,5527644,242.0,13367
Wisconsin,2006,5556506,286.1,15899
Wisconsin,2007,5601640,291.5,16330
Wisconsin,2008,5627967,275.5,15507
Wisconsin,2009,5654774,259.1,14650
Wisconsin,2010,5691659,248.9,14167
Wisconsin,2011,5709843,249.9,14268
Wisconsin,2012,5726398,280.5,16064
Wisconsin,2013,5742713,277.9,15961
Wisconsin,2014,5757564,290.3,16714
Wisconsin,2015,5771337,305.8,17647
Wisconsin,2016,5778708,305.9,17679
Wisconsin,2017,5795483,319.9,18539
Wisconsin,2018,5813568,295.4,17176
Wisconsin,2019,5822434,293.2,17070
Wyoming,2000,493782,266.5,1316
Wyoming,2001,493754,257.6,1272
Wyoming,2002,498830,273.4,1364
Wyoming,2003,502111,261.7,1314
Wyoming,2004,505887,229.9,1163
Wyoming,2005,508798,230.0,1172
Wyoming,2006,515004,253.8,1307
Wyoming,2007,522830,257.1,1344
Wyoming,2008,532668,249.7,1330
Wyoming,2009,544270,219.7,1196
Wyoming,2010,564554,197.9,1117
Wyoming,2011,567356,219.4,1245
Wyoming,2012,576412,201.4,1161
Wyoming,2013,582658,205.1,1195
Wyoming,2014,584153,195.5,1142
Wyoming,2015,586107,222.1,1302
Wyoming,2016,585501,244.2,1430
Wyoming,2017,579315,237.5,1376
Wyoming,2018,577737,212.2,1226
Wyoming,2019,578759,217.4,1258
